{
  "model_name": "ResNeXt101_32x8d",
  "task_type": "classification",
  "accuracy": 0.5116483516483517,
  "precision": 0.41247768192265943,
  "recall": 0.4941497193533584,
  "f1_score": 0.4267034068661383,
  "auc": null,
  "training_time": 13637.660567500163,
  "inference_time": 0.3366117998957634,
  "model_size": 339.91067123413086,
  "note": "Actual metrics generated from current run."
}
